{
    "MR_Quarkyonia_0.10_300.00.dat": 0.003490924835205078,
    "MR_Quarkyonia_0.10_320.00.dat": 0.003095865249633789,
    "MR_Quarkyonia_0.10_340.00.dat": 0.003032684326171875,
    "MR_Quarkyonia_0.10_380.00.dat": 0.003011941909790039,
    "MR_Quarkyonia_0.10_400.00.dat": 0.0032672882080078125,
    "MR_Quarkyonia_0.10_420.00.dat": 0.0037581920623779297,
    "MR_Quarkyonia_0.10_440.00.dat": 0.0042078495025634766,
    "MR_Quarkyonia_0.10_460.00.dat": 0.0034685134887695312,
    "MR_Quarkyonia_0.10_480.00.dat": 0.0038504600524902344,
    "MR_Quarkyonia_0.12_300.00.dat": 0.0031168460845947266,
    "MR_Quarkyonia_0.12_320.00.dat": 0.0030455589294433594,
    "MR_Quarkyonia_0.12_340.00.dat": 0.0035686492919921875,
    "MR_Quarkyonia_0.12_360.00.dat": 0.0030562877655029297,
    "MR_Quarkyonia_0.12_380.00.dat": 0.003095865249633789,
    "MR_Quarkyonia_0.12_400.00.dat": 0.0034232139587402344,
    "MR_Quarkyonia_0.12_420.00.dat": 0.0041065216064453125,
    "MR_Quarkyonia_0.12_440.00.dat": 0.003862619400024414,
    "MR_Quarkyonia_0.12_460.00.dat": 0.0038874149322509766,
    "MR_Quarkyonia_0.12_480.00.dat": 0.0031723976135253906,
    "MR_Quarkyonia_0.12_500.00.dat": 0.004135608673095703,
    "MR_Quarkyonia_0.14_300.00.dat": 0.004403829574584961,
    "MR_Quarkyonia_0.14_320.00.dat": 0.0036897659301757812,
    "MR_Quarkyonia_0.14_340.00.dat": 0.003488779067993164,
    "MR_Quarkyonia_0.14_360.00.dat": 0.0032415390014648438,
    "MR_Quarkyonia_0.14_380.00.dat": 0.0034723281860351562,
    "MR_Quarkyonia_0.14_420.00.dat": 0.0031647682189941406,
    "MR_Quarkyonia_0.14_440.00.dat": 0.0035881996154785156,
    "MR_Quarkyonia_0.14_460.00.dat": 0.0030879974365234375,
    "MR_Quarkyonia_0.14_480.00.dat": 0.002996206283569336,
    "MR_Quarkyonia_0.14_500.00.dat": 0.003123760223388672,
    "MR_Quarkyonia_0.16_300.00.dat": 0.005903720855712891,
    "MR_Quarkyonia_0.16_320.00.dat": 0.0034377574920654297,
    "MR_Quarkyonia_0.16_360.00.dat": 0.0031125545501708984,
    "MR_Quarkyonia_0.16_380.00.dat": 0.0033295154571533203,
    "MR_Quarkyonia_0.16_400.00.dat": 0.0031175613403320312,
    "MR_Quarkyonia_0.16_420.00.dat": 0.003549814224243164,
    "MR_Quarkyonia_0.16_440.00.dat": 0.005167484283447266,
    "MR_Quarkyonia_0.16_460.00.dat": 0.003351926803588867,
    "MR_Quarkyonia_0.16_500.00.dat": 0.0030317306518554688,
    "MR_Quarkyonia_0.18_340.00.dat": 0.004080295562744141,
    "MR_Quarkyonia_0.18_360.00.dat": 0.0033311843872070312,
    "MR_Quarkyonia_0.18_380.00.dat": 0.003459453582763672,
    "MR_Quarkyonia_0.18_400.00.dat": 0.0032193660736083984,
    "MR_Quarkyonia_0.18_420.00.dat": 0.003020763397216797,
    "MR_Quarkyonia_0.18_440.00.dat": 0.0033915042877197266,
    "MR_Quarkyonia_0.18_460.00.dat": 0.003133535385131836,
    "MR_Quarkyonia_0.18_480.00.dat": 0.0031347274780273438,
    "MR_Quarkyonia_0.18_500.00.dat": 0.0032486915588378906,
    "MR_Quarkyonia_0.20_300.00.dat": 0.0034019947052001953,
    "MR_Quarkyonia_0.20_320.00.dat": 0.003144979476928711,
    "MR_Quarkyonia_0.20_340.00.dat": 0.0032880306243896484,
    "MR_Quarkyonia_0.20_360.00.dat": 0.0047664642333984375,
    "MR_Quarkyonia_0.20_380.00.dat": 0.003164529800415039,
    "MR_Quarkyonia_0.20_400.00.dat": 0.003475666046142578,
    "MR_Quarkyonia_0.20_420.00.dat": 0.003410816192626953,
    "MR_Quarkyonia_0.20_440.00.dat": 0.005623817443847656,
    "MR_Quarkyonia_0.20_460.00.dat": 0.003284931182861328,
    "MR_Quarkyonia_0.20_480.00.dat": 0.0033941268920898438,
    "MR_Quarkyonia_0.20_500.00.dat": 0.003770589828491211,
    "MR_Quarkyonia_0.22_300.00.dat": 0.0032651424407958984,
    "MR_Quarkyonia_0.22_320.00.dat": 0.0033354759216308594,
    "MR_Quarkyonia_0.22_360.00.dat": 0.004886627197265625,
    "MR_Quarkyonia_0.22_380.00.dat": 0.003165006637573242,
    "MR_Quarkyonia_0.22_420.00.dat": 0.0030069351196289062,
    "MR_Quarkyonia_0.22_440.00.dat": 0.003600597381591797,
    "MR_Quarkyonia_0.22_460.00.dat": 0.004025697708129883,
    "MR_Quarkyonia_0.22_500.00.dat": 0.0036258697509765625,
    "MR_Quarkyonia_0.24_300.00.dat": 0.0030646324157714844,
    "MR_Quarkyonia_0.24_320.00.dat": 0.003513813018798828,
    "MR_Quarkyonia_0.24_340.00.dat": 0.003123760223388672,
    "MR_Quarkyonia_0.24_360.00.dat": 0.0032672882080078125,
    "MR_Quarkyonia_0.24_420.00.dat": 0.0032813549041748047,
    "MR_Quarkyonia_0.24_440.00.dat": 0.003614187240600586,
    "MR_Quarkyonia_0.24_480.00.dat": 0.003477811813354492,
    "MR_Quarkyonia_0.24_500.00.dat": 0.003365039825439453,
    "MR_Quarkyonia_0.26_300.00.dat": 0.0032303333282470703,
    "MR_Quarkyonia_0.26_340.00.dat": 0.003167867660522461,
    "MR_Quarkyonia_0.26_380.00.dat": 0.0042934417724609375,
    "MR_Quarkyonia_0.26_400.00.dat": 0.0034210681915283203,
    "MR_Quarkyonia_0.26_420.00.dat": 0.0038144588470458984,
    "MR_Quarkyonia_0.26_440.00.dat": 0.003197908401489258,
    "MR_Quarkyonia_0.26_460.00.dat": 0.00323486328125,
    "MR_Quarkyonia_0.26_480.00.dat": 0.0036041736602783203,
    "MR_Quarkyonia_0.28_300.00.dat": 0.003632783889770508,
    "MR_Quarkyonia_0.28_320.00.dat": 0.003269672393798828,
    "MR_Quarkyonia_0.28_340.00.dat": 0.003396272659301758,
    "MR_Quarkyonia_0.28_380.00.dat": 0.003538846969604492,
    "MR_Quarkyonia_0.28_400.00.dat": 0.00328826904296875,
    "MR_Quarkyonia_0.28_420.00.dat": 0.003362894058227539,
    "MR_Quarkyonia_0.28_440.00.dat": 0.0048999786376953125,
    "MR_Quarkyonia_0.28_460.00.dat": 0.003124237060546875,
    "MR_Quarkyonia_0.28_480.00.dat": 0.003429889678955078,
    "MR_Quarkyonia_0.30_320.00.dat": 0.0034432411193847656,
    "MR_Quarkyonia_0.30_340.00.dat": 0.003914356231689453,
    "MR_Quarkyonia_0.30_360.00.dat": 0.003407001495361328,
    "MR_Quarkyonia_0.30_420.00.dat": 0.0034470558166503906,
    "MR_Quarkyonia_0.30_440.00.dat": 0.004040718078613281,
    "MR_Quarkyonia_0.30_460.00.dat": 0.0031690597534179688,
    "MR_Quarkyonia_0.30_500.00.dat": 0.0033490657806396484
}